epoch,train_loss,train_accuracy,train_f1,val_loss,patient_accuracy,patient_precision,patient_recall,patient_f1_score,patient_auc,patient_probabilities,patient_sids,patient_labels,inner_mean_auc,hp_batch_size,hp_learning_rate,hp_max_grad_norm,hp_model_type,hp_num_epochs,hp_num_workers,hp_sequence_length,outer_fold
"[1, 2, 3, 4, 5, 6, 7, 8, 9, 10]","[0.6882768351622303, 0.6899612985476099, 0.6822098993291759, 0.684967330007842, 0.6794822143785881, 0.6778370208210416, 0.6830739734148739, 0.6732815973686449, 0.6684120309473288, 0.6685295207331879]","[np.float64(0.5252525252525253), np.float64(0.5252525252525253), np.float64(0.5252525252525253), np.float64(0.5656565656565656), np.float64(0.6060606060606061), np.float64(0.6262626262626263), np.float64(0.6060606060606061), np.float64(0.6262626262626263), np.float64(0.6666666666666666), np.float64(0.6666666666666666)]","[0.6887417218543046, 0.6887417218543046, 0.6887417218543046, 0.6993006993006993, 0.7194244604316546, 0.7338129496402878, 0.7153284671532847, 0.7338129496402878, 0.736, 0.7272727272727273]","[0.6997725367546082, 0.7009121179580688, 0.7015217542648315, 0.7028319239616394, 0.6974808573722839, 0.6973773837089539, 0.7063597440719604, 0.704079270362854, 0.7173277139663696, 0.708916425704956]","[0.5, 0.5, 0.5, 0.5, 0.5, 0.5, 0.5, 0.3333333333333333, 0.5, 0.5]","[0.5, 0.5, 0.5, 0.5, 0.5, 0.5, 0.5, 0.0, 0.0, 0.5]","[1.0, 1.0, 1.0, 1.0, 1.0, 1.0, 1.0, 0.0, 0.0, 1.0]","[0.6666666666666666, 0.6666666666666666, 0.6666666666666666, 0.6666666666666666, 0.6666666666666666, 0.6666666666666666, 0.6666666666666666, 0.0, 0.0, 0.6666666666666666]","[0.4444444444444444, 0.4444444444444445, 0.22222222222222224, 0.22222222222222224, 0.6666666666666667, 0.6666666666666667, 0.4444444444444445, 0.6666666666666667, 0.6666666666666667, 0.5555555555555556]","[[0.5570910573005676, 0.5572829842567444, 0.5572059750556946, 0.5572633147239685, 0.557227373123169, 0.5572191476821899], [0.5612457394599915, 0.5616751909255981, 0.5615929961204529, 0.561664342880249, 0.5617005825042725, 0.5616851449012756], [0.5627182126045227, 0.5627802014350891, 0.5629463195800781, 0.5628713369369507, 0.5643061995506287, 0.5636930465698242], [0.5620952844619751, 0.5624199509620667, 0.5627873539924622, 0.563664436340332, 0.5664035081863403, 0.5637857913970947], [0.5303345322608948, 0.5336227416992188, 0.5282602906227112, 0.5281397104263306, 0.5494987368583679, 0.5364526510238647], [0.5286852717399597, 0.5260477662086487, 0.5178636312484741, 0.5156913995742798, 0.5534506440162659, 0.5253069996833801], [0.5571039915084839, 0.5587660074234009, 0.5570048093795776, 0.5622708797454834, 0.5752906799316406, 0.5630262494087219], [0.4955935776233673, 0.49343881011009216, 0.4798981845378876, 0.48249340057373047, 0.5483899712562561, 0.4922739565372467], [0.41319236159324646, 0.4186550974845886, 0.3997274339199066, 0.4001375436782837, 0.4767981767654419, 0.41469934582710266], [0.5365615487098694, 0.5490017533302307, 0.5347234010696411, 0.5446335077285767, 0.5879277586936951, 0.5527007579803467]]","[['MG0238', 'TX0110', 'UM0052', 'TX0067', 'CU0057', 'UM0037'], ['MG0238', 'TX0110', 'UM0052', 'TX0067', 'CU0057', 'UM0037'], ['MG0238', 'TX0110', 'UM0052', 'TX0067', 'CU0057', 'UM0037'], ['MG0238', 'TX0110', 'UM0052', 'TX0067', 'CU0057', 'UM0037'], ['MG0238', 'TX0110', 'UM0052', 'TX0067', 'CU0057', 'UM0037'], ['MG0238', 'TX0110', 'UM0052', 'TX0067', 'CU0057', 'UM0037'], ['MG0238', 'TX0110', 'UM0052', 'TX0067', 'CU0057', 'UM0037'], ['MG0238', 'TX0110', 'UM0052', 'TX0067', 'CU0057', 'UM0037'], ['MG0238', 'TX0110', 'UM0052', 'TX0067', 'CU0057', 'UM0037'], ['MG0238', 'TX0110', 'UM0052', 'TX0067', 'CU0057', 'UM0037']]","[[1.0, 1.0, 0.0, 0.0, 0.0, 1.0], [1.0, 1.0, 0.0, 0.0, 0.0, 1.0], [1.0, 1.0, 0.0, 0.0, 0.0, 1.0], [1.0, 1.0, 0.0, 0.0, 0.0, 1.0], [1.0, 1.0, 0.0, 0.0, 0.0, 1.0], [1.0, 1.0, 0.0, 0.0, 0.0, 1.0], [1.0, 1.0, 0.0, 0.0, 0.0, 1.0], [1.0, 1.0, 0.0, 0.0, 0.0, 1.0], [1.0, 1.0, 0.0, 0.0, 0.0, 1.0], [1.0, 1.0, 0.0, 0.0, 0.0, 1.0]]",0.6396666666666666,16,0.0005,5.0,CNNGRUClassifier,10,6,90,1
"[1, 2, 3, 4, 5, 6, 7, 8, 9, 10]","[0.7009635393065635, 0.6994869985965767, 0.6972551592672714, 0.6922171380784776, 0.6914257846697413, 0.6845410315677373, 0.6851364410284794, 0.684281653226024, 0.6807421891376225, 0.6774627668688996]","[np.float64(0.47474747474747475), np.float64(0.48484848484848486), np.float64(0.43434343434343436), np.float64(0.47474747474747475), np.float64(0.5252525252525253), np.float64(0.5959595959595959), np.float64(0.6161616161616161), np.float64(0.6363636363636364), np.float64(0.6363636363636364), np.float64(0.6363636363636364)]","[0.0, 0.03773584905660377, 0.0, 0.13333333333333333, 0.22950819672131148, 0.5, 0.6041666666666666, 0.6727272727272727, 0.6785714285714286, 0.71875]","[0.6953352689743042, 0.6937967538833618, 0.6943051218986511, 0.6949715614318848, 0.6970175504684448, 0.694368839263916, 0.6966292262077332, 0.7006001472473145, 0.6962380409240723, 0.7014569044113159]","[0.5, 0.5, 0.5, 0.5, 0.5, 0.6666666666666666, 0.5, 0.5, 0.5, 0.5]","[0.0, 0.0, 0.0, 0.0, 0.0, 0.6, 0.0, 0.5, 0.5, 0.5]","[0.0, 0.0, 0.0, 0.0, 0.0, 1.0, 0.0, 1.0, 1.0, 1.0]","[0.0, 0.0, 0.0, 0.0, 0.0, 0.75, 0.0, 0.6666666666666666, 0.6666666666666666, 0.6666666666666666]","[1.0, 1.0, 0.5555555555555556, 0.4444444444444445, 0.33333333333333337, 0.4444444444444445, 0.22222222222222224, 0.33333333333333337, 0.4444444444444445, 0.33333333333333337]","[[0.4601265788078308, 0.45888054370880127, 0.45863422751426697, 0.4592873454093933, 0.4598569869995117, 0.46011677384376526], [0.46862584352493286, 0.4663051664829254, 0.4667069911956787, 0.4676555097103119, 0.4682055115699768, 0.46818023920059204], [0.47145435214042664, 0.4711886942386627, 0.4677373766899109, 0.47319895029067993, 0.4721427857875824, 0.47012844681739807], [0.4745335280895233, 0.47538426518440247, 0.46904346346855164, 0.4786634147167206, 0.4756733477115631, 0.4714895486831665], [0.4798809587955475, 0.48313191533088684, 0.4749680459499359, 0.4873915910720825, 0.48131200671195984, 0.4751419425010681], [0.505303680896759, 0.5083163380622864, 0.4987766444683075, 0.516278862953186, 0.5092044472694397, 0.5056847333908081], [0.4883992075920105, 0.49148356914520264, 0.4809671640396118, 0.49592646956443787, 0.49083468317985535, 0.4797806143760681], [0.528899610042572, 0.5402089953422546, 0.5190393924713135, 0.5483944416046143, 0.5369367599487305, 0.5268337726593018], [0.5216631889343262, 0.5275962352752686, 0.504888117313385, 0.5408456921577454, 0.5288236737251282, 0.5177136063575745], [0.5301482677459717, 0.5404452681541443, 0.5135990381240845, 0.5543954968452454, 0.5383460521697998, 0.5229097008705139]]","[['TX0195', 'MG0021', 'UM0107', 'MG0069', 'TX0086', 'TX0090'], ['TX0195', 'MG0021', 'UM0107', 'MG0069', 'TX0086', 'TX0090'], ['TX0195', 'MG0021', 'UM0107', 'MG0069', 'TX0086', 'TX0090'], ['TX0195', 'MG0021', 'UM0107', 'MG0069', 'TX0086', 'TX0090'], ['TX0195', 'MG0021', 'UM0107', 'MG0069', 'TX0086', 'TX0090'], ['TX0195', 'MG0021', 'UM0107', 'MG0069', 'TX0086', 'TX0090'], ['TX0195', 'MG0021', 'UM0107', 'MG0069', 'TX0086', 'TX0090'], ['TX0195', 'MG0021', 'UM0107', 'MG0069', 'TX0086', 'TX0090'], ['TX0195', 'MG0021', 'UM0107', 'MG0069', 'TX0086', 'TX0090'], ['TX0195', 'MG0021', 'UM0107', 'MG0069', 'TX0086', 'TX0090']]","[[1.0, 0.0, 0.0, 0.0, 1.0, 1.0], [1.0, 0.0, 0.0, 0.0, 1.0, 1.0], [1.0, 0.0, 0.0, 0.0, 1.0, 1.0], [1.0, 0.0, 0.0, 0.0, 1.0, 1.0], [1.0, 0.0, 0.0, 0.0, 1.0, 1.0], [1.0, 0.0, 0.0, 0.0, 1.0, 1.0], [1.0, 0.0, 0.0, 0.0, 1.0, 1.0], [1.0, 0.0, 0.0, 0.0, 1.0, 1.0], [1.0, 0.0, 0.0, 0.0, 1.0, 1.0], [1.0, 0.0, 0.0, 0.0, 1.0, 1.0]]",0.6853333333333333,16,0.0005,5.0,CNNGRUClassifier,10,6,90,2
"[1, 2, 3, 4, 5, 6, 7, 8, 9, 10]","[0.6982627643479241, 0.691826693337373, 0.6905492971641849, 0.6861776703535908, 0.6851144246380738, 0.6830887433254358, 0.6815329760012, 0.6812807339610476, 0.6800740662247243, 0.6789812752694795]","[np.float64(0.5252525252525253), np.float64(0.5252525252525253), np.float64(0.5252525252525253), np.float64(0.5252525252525253), np.float64(0.5252525252525253), np.float64(0.5252525252525253), np.float64(0.5353535353535354), np.float64(0.5555555555555556), np.float64(0.5656565656565656), np.float64(0.5757575757575758)]","[0.6887417218543046, 0.6887417218543046, 0.6887417218543046, 0.6887417218543046, 0.6887417218543046, 0.6887417218543046, 0.6933333333333334, 0.6986301369863014, 0.6993006993006993, 0.7083333333333334]","[0.7067276239395142, 0.705647349357605, 0.701732337474823, 0.6993354558944702, 0.6936740875244141, 0.6945532560348511, 0.6857354640960693, 0.6866933703422546, 0.6765052676200867, 0.6812052130699158]","[0.5, 0.5, 0.5, 0.5, 0.5, 0.5, 0.5, 0.5, 0.5, 0.5]","[0.5, 0.5, 0.5, 0.5, 0.5, 0.5, 0.5, 0.5, 0.5, 0.5]","[1.0, 1.0, 1.0, 1.0, 1.0, 1.0, 1.0, 1.0, 1.0, 1.0]","[0.6666666666666666, 0.6666666666666666, 0.6666666666666666, 0.6666666666666666, 0.6666666666666666, 0.6666666666666666, 0.6666666666666666, 0.6666666666666666, 0.6666666666666666, 0.6666666666666666]","[0.7777777777777778, 0.5555555555555556, 0.888888888888889, 0.5555555555555556, 0.7777777777777778, 0.6666666666666667, 1.0, 1.0, 1.0, 0.888888888888889]","[[0.5820698738098145, 0.5820281505584717, 0.5820205807685852, 0.5821329355239868, 0.5819397568702698, 0.5820798277854919], [0.5787356495857239, 0.5789778828620911, 0.578665554523468, 0.579210102558136, 0.5787835717201233, 0.5789207220077515], [0.5678951740264893, 0.5675681233406067, 0.5677438974380493, 0.5692811012268066, 0.5677223801612854, 0.5684605240821838], [0.5572345852851868, 0.5581144094467163, 0.5568851828575134, 0.5598235130310059, 0.5570850372314453, 0.5572812557220459], [0.5451033711433411, 0.5445749759674072, 0.5433531999588013, 0.5517088770866394, 0.5424661040306091, 0.5481533408164978], [0.5438625812530518, 0.545279324054718, 0.542341411113739, 0.5503890514373779, 0.5402075052261353, 0.544266402721405], [0.5205803513526917, 0.5210714936256409, 0.5238542556762695, 0.5365453362464905, 0.5222368240356445, 0.52980637550354], [0.5226744413375854, 0.5253795981407166, 0.5282291769981384, 0.5415655374526978, 0.5251546502113342, 0.5277771353721619], [0.505277693271637, 0.5056015849113464, 0.5124409794807434, 0.536665678024292, 0.5093383193016052, 0.5231385827064514], [0.5042818784713745, 0.5075873732566833, 0.5071572661399841, 0.5313255190849304, 0.5002464652061462, 0.5106400847434998]]","[['TX0136', 'TX0182', 'MG0243', 'CU0046', 'MG0270', 'MG0076'], ['TX0136', 'TX0182', 'MG0243', 'CU0046', 'MG0270', 'MG0076'], ['TX0136', 'TX0182', 'MG0243', 'CU0046', 'MG0270', 'MG0076'], ['TX0136', 'TX0182', 'MG0243', 'CU0046', 'MG0270', 'MG0076'], ['TX0136', 'TX0182', 'MG0243', 'CU0046', 'MG0270', 'MG0076'], ['TX0136', 'TX0182', 'MG0243', 'CU0046', 'MG0270', 'MG0076'], ['TX0136', 'TX0182', 'MG0243', 'CU0046', 'MG0270', 'MG0076'], ['TX0136', 'TX0182', 'MG0243', 'CU0046', 'MG0270', 'MG0076'], ['TX0136', 'TX0182', 'MG0243', 'CU0046', 'MG0270', 'MG0076'], ['TX0136', 'TX0182', 'MG0243', 'CU0046', 'MG0270', 'MG0076']]","[[0.0, 0.0, 1.0, 1.0, 0.0, 1.0], [0.0, 0.0, 1.0, 1.0, 0.0, 1.0], [0.0, 0.0, 1.0, 1.0, 0.0, 1.0], [0.0, 0.0, 1.0, 1.0, 0.0, 1.0], [0.0, 0.0, 1.0, 1.0, 0.0, 1.0], [0.0, 0.0, 1.0, 1.0, 0.0, 1.0], [0.0, 0.0, 1.0, 1.0, 0.0, 1.0], [0.0, 0.0, 1.0, 1.0, 0.0, 1.0], [0.0, 0.0, 1.0, 1.0, 0.0, 1.0], [0.0, 0.0, 1.0, 1.0, 0.0, 1.0]]",0.6468333333333334,16,0.0005,5.0,CNNGRUClassifier,10,6,90,3
"[1, 2, 3, 4, 5, 6, 7, 8, 9, 10]","[0.6921654253294973, 0.6964205352946965, 0.6940009238744023, 0.6881153764146747, 0.6925622549923983, 0.6849526347536029, 0.687702087440876, 0.6885523705771475, 0.6830410162607828, 0.6778579468678947]","[np.float64(0.5757575757575758), np.float64(0.48484848484848486), np.float64(0.5151515151515151), np.float64(0.5151515151515151), np.float64(0.5252525252525253), np.float64(0.5353535353535354), np.float64(0.5353535353535354), np.float64(0.5252525252525253), np.float64(0.5656565656565656), np.float64(0.6363636363636364)]","[0.6956521739130435, 0.6165413533834586, 0.6571428571428571, 0.6619718309859155, 0.6758620689655173, 0.6805555555555556, 0.6805555555555556, 0.6802721088435374, 0.6993006993006993, 0.7428571428571429]","[0.693169355392456, 0.6929610967636108, 0.692950963973999, 0.6930959224700928, 0.6929183006286621, 0.6944408416748047, 0.6924241781234741, 0.6927251219749451, 0.6922075748443604, 0.6907552480697632]","[0.5, 0.5, 0.5, 0.5, 0.5, 0.5, 0.5, 0.5, 0.5, 0.5]","[0.5, 0.5, 0.5, 0.5, 0.5, 0.5, 0.5, 0.5, 0.5, 0.5]","[1.0, 1.0, 1.0, 1.0, 1.0, 1.0, 1.0, 1.0, 1.0, 1.0]","[0.6666666666666666, 0.6666666666666666, 0.6666666666666666, 0.6666666666666666, 0.6666666666666666, 0.6666666666666666, 0.6666666666666666, 0.6666666666666666, 0.6666666666666666, 0.6666666666666666]","[0.6666666666666667, 0.5555555555555556, 0.7777777777777779, 0.6666666666666667, 0.7777777777777779, 0.33333333333333337, 0.7777777777777779, 0.6666666666666667, 0.6666666666666667, 0.6666666666666667]","[[0.506644070148468, 0.5065770745277405, 0.5067017078399658, 0.50660240650177, 0.5064234733581543, 0.5065054297447205], [0.5056298971176147, 0.5056086778640747, 0.5058894753456116, 0.5061082243919373, 0.5049821138381958, 0.5057238936424255], [0.5097049474716187, 0.5093273520469666, 0.509779691696167, 0.5099703669548035, 0.5088306665420532, 0.5092639327049255], [0.5132022500038147, 0.5134974718093872, 0.5141595602035522, 0.5138393044471741, 0.512663722038269, 0.5124974250793457], [0.5164692997932434, 0.5173268914222717, 0.5182220935821533, 0.5184096097946167, 0.5160207152366638, 0.515537679195404], [0.5212244987487793, 0.5217822194099426, 0.5225908756256104, 0.521932065486908, 0.5227664113044739, 0.5205986499786377], [0.5169912576675415, 0.5188896656036377, 0.5195053815841675, 0.5205697417259216, 0.5165079832077026, 0.5162854790687561], [0.5220035314559937, 0.5253719687461853, 0.5261988043785095, 0.5267282128334045, 0.5229932069778442, 0.5201866626739502], [0.5193238854408264, 0.5220251083374023, 0.5239954590797424, 0.5261316299438477, 0.5206481218338013, 0.5171869993209839], [0.5158657431602478, 0.5208206176757812, 0.522197425365448, 0.5285234451293945, 0.5183623433113098, 0.5149405002593994]]","[['TX0095', 'MG0218', 'UM0056', 'UM0119', 'TX0014', 'TX0175'], ['TX0095', 'MG0218', 'UM0056', 'UM0119', 'TX0014', 'TX0175'], ['TX0095', 'MG0218', 'UM0056', 'UM0119', 'TX0014', 'TX0175'], ['TX0095', 'MG0218', 'UM0056', 'UM0119', 'TX0014', 'TX0175'], ['TX0095', 'MG0218', 'UM0056', 'UM0119', 'TX0014', 'TX0175'], ['TX0095', 'MG0218', 'UM0056', 'UM0119', 'TX0014', 'TX0175'], ['TX0095', 'MG0218', 'UM0056', 'UM0119', 'TX0014', 'TX0175'], ['TX0095', 'MG0218', 'UM0056', 'UM0119', 'TX0014', 'TX0175'], ['TX0095', 'MG0218', 'UM0056', 'UM0119', 'TX0014', 'TX0175'], ['TX0095', 'MG0218', 'UM0056', 'UM0119', 'TX0014', 'TX0175']]","[[1.0, 1.0, 0.0, 1.0, 0.0, 0.0], [1.0, 1.0, 0.0, 1.0, 0.0, 0.0], [1.0, 1.0, 0.0, 1.0, 0.0, 0.0], [1.0, 1.0, 0.0, 1.0, 0.0, 0.0], [1.0, 1.0, 0.0, 1.0, 0.0, 0.0], [1.0, 1.0, 0.0, 1.0, 0.0, 0.0], [1.0, 1.0, 0.0, 1.0, 0.0, 0.0], [1.0, 1.0, 0.0, 1.0, 0.0, 0.0], [1.0, 1.0, 0.0, 1.0, 0.0, 0.0], [1.0, 1.0, 0.0, 1.0, 0.0, 0.0]]",0.5971666666666667,16,0.0005,5.0,CNNGRUClassifier,10,6,90,4
"[1, 2, 3, 4, 5, 6, 7, 8, 9, 10]","[0.7074178956975841, 0.7029758378712818, 0.6983698064630682, 0.7004523626481644, 0.6952236210457002, 0.6872838001058559, 0.6862501664595171, 0.6797199207122879, 0.6701414952374468, 0.6784497318845807]","[np.float64(0.47474747474747475), np.float64(0.47474747474747475), np.float64(0.494949494949495), np.float64(0.4444444444444444), np.float64(0.46464646464646464), np.float64(0.5858585858585859), np.float64(0.6060606060606061), np.float64(0.6767676767676768), np.float64(0.7777777777777778), np.float64(0.6060606060606061)]","[0.0, 0.0, 0.07407407407407407, 0.03508771929824561, 0.13114754098360656, 0.5494505494505495, 0.6060606060606061, 0.6981132075471698, 0.8035714285714286, 0.6722689075630253]","[0.703635573387146, 0.6991734504699707, 0.6962282657623291, 0.6963911056518555, 0.6952010989189148, 0.6954459547996521, 0.6960210204124451, 0.69712895154953, 0.6969205141067505, 0.6963052749633789]","[0.5, 0.5, 0.5, 0.5, 0.5, 0.3333333333333333, 0.5, 0.3333333333333333, 0.5, 0.5]","[0.0, 0.0, 0.0, 0.0, 0.0, 0.3333333333333333, 0.5, 0.4, 0.5, 0.5]","[0.0, 0.0, 0.0, 0.0, 0.0, 0.3333333333333333, 0.6666666666666666, 0.6666666666666666, 0.3333333333333333, 0.6666666666666666]","[0.0, 0.0, 0.0, 0.0, 0.0, 0.3333333333333333, 0.5714285714285714, 0.5, 0.4, 0.5714285714285714]","[0.5555555555555556, 0.33333333333333337, 0.33333333333333337, 0.22222222222222224, 0.33333333333333337, 0.33333333333333337, 0.33333333333333337, 0.33333333333333337, 0.4444444444444445, 0.33333333333333337]","[[0.4276161789894104, 0.4279196262359619, 0.42782703042030334, 0.4272643029689789, 0.4277132451534271, 0.42690324783325195], [0.4470670223236084, 0.44683924317359924, 0.4465128183364868, 0.4454785883426666, 0.44649600982666016, 0.44522789120674133], [0.46442896127700806, 0.4639407992362976, 0.46293699741363525, 0.46149158477783203, 0.4636446237564087, 0.46062496304512024], [0.47861289978027344, 0.4760962724685669, 0.4716455340385437, 0.47418367862701416, 0.4750049412250519, 0.4719257056713104], [0.4906507134437561, 0.489105761051178, 0.4826970100402832, 0.4872862696647644, 0.4856376051902771, 0.4807814955711365], [0.5026484131813049, 0.5023363828659058, 0.490560382604599, 0.5006933808326721, 0.49699291586875916, 0.48994603753089905], [0.5078259706497192, 0.5012897253036499, 0.48998305201530457, 0.5063804388046265, 0.5005810856819153, 0.4962303936481476], [0.5225949883460999, 0.5120381712913513, 0.49823644757270813, 0.5208604335784912, 0.5094936490058899, 0.5046911239624023], [0.5130056142807007, 0.4960577189922333, 0.48380133509635925, 0.5062171816825867, 0.49916988611221313, 0.49086764454841614], [0.5237080454826355, 0.5110282301902771, 0.48894771933555603, 0.5233465433120728, 0.5094966888427734, 0.49505874514579773]]","[['CU0112', 'TX0101', 'UM0103', 'MG0209', 'TX0115', 'MG0246'], ['CU0112', 'TX0101', 'UM0103', 'MG0209', 'TX0115', 'MG0246'], ['CU0112', 'TX0101', 'UM0103', 'MG0209', 'TX0115', 'MG0246'], ['CU0112', 'TX0101', 'UM0103', 'MG0209', 'TX0115', 'MG0246'], ['CU0112', 'TX0101', 'UM0103', 'MG0209', 'TX0115', 'MG0246'], ['CU0112', 'TX0101', 'UM0103', 'MG0209', 'TX0115', 'MG0246'], ['CU0112', 'TX0101', 'UM0103', 'MG0209', 'TX0115', 'MG0246'], ['CU0112', 'TX0101', 'UM0103', 'MG0209', 'TX0115', 'MG0246'], ['CU0112', 'TX0101', 'UM0103', 'MG0209', 'TX0115', 'MG0246'], ['CU0112', 'TX0101', 'UM0103', 'MG0209', 'TX0115', 'MG0246']]","[[0.0, 0.0, 1.0, 1.0, 1.0, 0.0], [0.0, 0.0, 1.0, 1.0, 1.0, 0.0], [0.0, 0.0, 1.0, 1.0, 1.0, 0.0], [0.0, 0.0, 1.0, 1.0, 1.0, 0.0], [0.0, 0.0, 1.0, 1.0, 1.0, 0.0], [0.0, 0.0, 1.0, 1.0, 1.0, 0.0], [0.0, 0.0, 1.0, 1.0, 1.0, 0.0], [0.0, 0.0, 1.0, 1.0, 1.0, 0.0], [0.0, 0.0, 1.0, 1.0, 1.0, 0.0], [0.0, 0.0, 1.0, 1.0, 1.0, 0.0]]",0.6435000000000001,16,0.0005,5.0,CNNGRUClassifier,10,6,90,5
"[1, 2, 3, 4, 5, 6, 7, 8, 9, 10]","[0.691468358039856, 0.6996939563751221, 0.692442798614502, 0.6882533073425293, 0.6825724792480469, 0.6874319577217102, 0.6883766031265259, 0.6809545087814332, 0.6796689009666443, 0.6790683937072753]","[np.float64(0.53), np.float64(0.53), np.float64(0.53), np.float64(0.53), np.float64(0.54), np.float64(0.53), np.float64(0.53), np.float64(0.54), np.float64(0.54), np.float64(0.53)]","[0.6928104575163399, 0.6928104575163399, 0.6928104575163399, 0.6928104575163399, 0.6973684210526315, 0.6928104575163399, 0.6928104575163399, 0.6973684210526315, 0.6973684210526315, 0.6928104575163399]","[0.7324668169021606, 0.7348686456680298, 0.7333118319511414, 0.7296512126922607, 0.7261262536048889, 0.7241331934928894, 0.715765118598938, 0.71494060754776, 0.7139249444007874, 0.7150031924247742]","[0.4, 0.4, 0.4, 0.4, 0.4, 0.4, 0.4, 0.4, 0.4, 0.4]","[0.4, 0.4, 0.4, 0.4, 0.4, 0.4, 0.4, 0.4, 0.4, 0.4]","[1.0, 1.0, 1.0, 1.0, 1.0, 1.0, 1.0, 1.0, 1.0, 1.0]","[0.5714285714285714, 0.5714285714285714, 0.5714285714285714, 0.5714285714285714, 0.5714285714285714, 0.5714285714285714, 0.5714285714285714, 0.5714285714285714, 0.5714285714285714, 0.5714285714285714]","[0.33333333333333337, 0.33333333333333337, 0.33333333333333337, 0.33333333333333337, 0.5, 0.5, 0.5, 0.5, 0.5, 0.5]","[[0.571597695350647, 0.5718053579330444, 0.5716455578804016, 0.5717567205429077, 0.5716869831085205], [0.5745367407798767, 0.5755873918533325, 0.5749432444572449, 0.5752777457237244, 0.5752714276313782], [0.5710852146148682, 0.5738153457641602, 0.5719309449195862, 0.5734789967536926, 0.5732983946800232], [0.5634220838546753, 0.5699225664138794, 0.5655300617218018, 0.569181501865387, 0.5691465139389038], [0.5556107759475708, 0.5669387578964233, 0.5600524544715881, 0.5654603838920593, 0.5658040046691895], [0.55215984582901, 0.5646849870681763, 0.5580516457557678, 0.5639369487762451, 0.5641756057739258], [0.5296438932418823, 0.5581626296043396, 0.5417137145996094, 0.5539036393165588, 0.5557098388671875], [0.5238564610481262, 0.5615844130516052, 0.5385774970054626, 0.5537834167480469, 0.558609664440155], [0.5137309432029724, 0.5638636946678162, 0.5338714122772217, 0.5563240647315979, 0.5606995820999146], [0.5189242959022522, 0.569439172744751, 0.5387020111083984, 0.5580672025680542, 0.5681166648864746]]","[['UM0074', 'CU0066', 'TX0193', 'CU0126', 'CU0090'], ['UM0074', 'CU0066', 'TX0193', 'CU0126', 'CU0090'], ['UM0074', 'CU0066', 'TX0193', 'CU0126', 'CU0090'], ['UM0074', 'CU0066', 'TX0193', 'CU0126', 'CU0090'], ['UM0074', 'CU0066', 'TX0193', 'CU0126', 'CU0090'], ['UM0074', 'CU0066', 'TX0193', 'CU0126', 'CU0090'], ['UM0074', 'CU0066', 'TX0193', 'CU0126', 'CU0090'], ['UM0074', 'CU0066', 'TX0193', 'CU0126', 'CU0090'], ['UM0074', 'CU0066', 'TX0193', 'CU0126', 'CU0090'], ['UM0074', 'CU0066', 'TX0193', 'CU0126', 'CU0090']]","[[0.0, 0.0, 1.0, 0.0, 1.0], [0.0, 0.0, 1.0, 0.0, 1.0], [0.0, 0.0, 1.0, 0.0, 1.0], [0.0, 0.0, 1.0, 0.0, 1.0], [0.0, 0.0, 1.0, 0.0, 1.0], [0.0, 0.0, 1.0, 0.0, 1.0], [0.0, 0.0, 1.0, 0.0, 1.0], [0.0, 0.0, 1.0, 0.0, 1.0], [0.0, 0.0, 1.0, 0.0, 1.0], [0.0, 0.0, 1.0, 0.0, 1.0]]",0.6965000000000001,16,0.0005,5.0,CNNGRUClassifier,10,6,90,6
"[1, 2, 3, 4, 5, 6, 7, 8, 9, 10]","[0.6899371886253357, 0.6939474439620972, 0.6897518467903138, 0.6894422483444214, 0.693782765865326, 0.6927388095855713, 0.6856300115585328, 0.6884516382217407, 0.6844858527183533, 0.6803706383705139]","[np.float64(0.54), np.float64(0.53), np.float64(0.53), np.float64(0.53), np.float64(0.53), np.float64(0.53), np.float64(0.53), np.float64(0.53), np.float64(0.53), np.float64(0.54)]","[0.6973684210526315, 0.6928104575163399, 0.6928104575163399, 0.6928104575163399, 0.6928104575163399, 0.6928104575163399, 0.6928104575163399, 0.6928104575163399, 0.6928104575163399, 0.6973684210526315]","[0.7153350114822388, 0.714449942111969, 0.7137042880058289, 0.7132149338722229, 0.7110797166824341, 0.7135276794433594, 0.7087838053703308, 0.7063290476799011, 0.7046266794204712, 0.7034571170806885]","[0.4, 0.4, 0.4, 0.4, 0.4, 0.4, 0.4, 0.4, 0.4, 0.4]","[0.4, 0.4, 0.4, 0.4, 0.4, 0.4, 0.4, 0.4, 0.4, 0.4]","[1.0, 1.0, 1.0, 1.0, 1.0, 1.0, 1.0, 1.0, 1.0, 1.0]","[0.5714285714285714, 0.5714285714285714, 0.5714285714285714, 0.5714285714285714, 0.5714285714285714, 0.5714285714285714, 0.5714285714285714, 0.5714285714285714, 0.5714285714285714, 0.5714285714285714]","[0.33333333333333337, 1.0, 1.0, 0.8333333333333334, 0.6666666666666667, 0.8333333333333334, 1.0, 1.0, 1.0, 1.0]","[[0.5449095368385315, 0.5448210835456848, 0.5449984669685364, 0.5451381206512451, 0.5449663996696472], [0.5441736578941345, 0.544890284538269, 0.5454673171043396, 0.544407844543457, 0.5448670387268066], [0.543533205986023, 0.5456205606460571, 0.5460180640220642, 0.5441812872886658, 0.545104444026947], [0.5424834489822388, 0.5459831953048706, 0.5468887686729431, 0.5439602136611938, 0.5462822914123535], [0.5385268926620483, 0.541841447353363, 0.5427413582801819, 0.5390443801879883, 0.5432910919189453], [0.5424120426177979, 0.5448721051216125, 0.54685378074646, 0.5446186065673828, 0.5454530715942383], [0.5381392240524292, 0.5447817444801331, 0.5459346771240234, 0.5408077239990234, 0.5418298840522766], [0.5338242650032043, 0.543075680732727, 0.5435217618942261, 0.5372589230537415, 0.5405259132385254], [0.5319039225578308, 0.5418990254402161, 0.5451574325561523, 0.5368137955665588, 0.5393279790878296], [0.5306577682495117, 0.5410471558570862, 0.5450085401535034, 0.5374132990837097, 0.5364024639129639]]","[['TX0083', 'CU0034', 'CU0119', 'UM0110', 'MG0116'], ['TX0083', 'CU0034', 'CU0119', 'UM0110', 'MG0116'], ['TX0083', 'CU0034', 'CU0119', 'UM0110', 'MG0116'], ['TX0083', 'CU0034', 'CU0119', 'UM0110', 'MG0116'], ['TX0083', 'CU0034', 'CU0119', 'UM0110', 'MG0116'], ['TX0083', 'CU0034', 'CU0119', 'UM0110', 'MG0116'], ['TX0083', 'CU0034', 'CU0119', 'UM0110', 'MG0116'], ['TX0083', 'CU0034', 'CU0119', 'UM0110', 'MG0116'], ['TX0083', 'CU0034', 'CU0119', 'UM0110', 'MG0116'], ['TX0083', 'CU0034', 'CU0119', 'UM0110', 'MG0116']]","[[0.0, 1.0, 1.0, 0.0, 0.0], [0.0, 1.0, 1.0, 0.0, 0.0], [0.0, 1.0, 1.0, 0.0, 0.0], [0.0, 1.0, 1.0, 0.0, 0.0], [0.0, 1.0, 1.0, 0.0, 0.0], [0.0, 1.0, 1.0, 0.0, 0.0], [0.0, 1.0, 1.0, 0.0, 0.0], [0.0, 1.0, 1.0, 0.0, 0.0], [0.0, 1.0, 1.0, 0.0, 0.0], [0.0, 1.0, 1.0, 0.0, 0.0]]",0.6796666666666666,16,0.0005,5.0,CNNGRUClassifier,10,6,90,7
"[1, 2, 3, 4, 5, 6, 7, 8, 9, 10]","[0.6928209495544434, 0.6907164192199707, 0.6910750412940979, 0.6846008777618409, 0.6884212827682495, 0.6929922485351563, 0.6866332483291626, 0.6820671939849854, 0.681563847064972, 0.677987790107727]","[np.float64(0.53), np.float64(0.54), np.float64(0.53), np.float64(0.59), np.float64(0.56), np.float64(0.5), np.float64(0.58), np.float64(0.56), np.float64(0.57), np.float64(0.6)]","[0.6466165413533834, 0.6714285714285714, 0.6802721088435374, 0.7050359712230215, 0.7066666666666667, 0.6575342465753424, 0.7083333333333334, 0.7027027027027027, 0.7074829931972789, 0.7222222222222222]","[0.7031869292259216, 0.7069140076637268, 0.7089616656303406, 0.7109635472297668, 0.7148893475532532, 0.7165292501449585, 0.7183296084403992, 0.7198337316513062, 0.7281350493431091, 0.7288413047790527]","[0.4, 0.4, 0.4, 0.4, 0.4, 0.4, 0.4, 0.4, 0.4, 0.2]","[0.4, 0.4, 0.4, 0.4, 0.4, 0.4, 0.4, 0.4, 0.4, 0.25]","[1.0, 1.0, 1.0, 1.0, 1.0, 1.0, 1.0, 1.0, 1.0, 0.5]","[0.5714285714285714, 0.5714285714285714, 0.5714285714285714, 0.5714285714285714, 0.5714285714285714, 0.5714285714285714, 0.5714285714285714, 0.5714285714285714, 0.5714285714285714, 0.3333333333333333]","[0.6666666666666667, 0.5, 0.0, 0.0, 0.0, 0.0, 0.0, 0.0, 0.0, 0.0]","[[0.5226556062698364, 0.5227348208427429, 0.5225058794021606, 0.5227349996566772, 0.5228127241134644], [0.5295922756195068, 0.5300213694572449, 0.5296889543533325, 0.5298328399658203, 0.5300276279449463], [0.5310038328170776, 0.532613217830658, 0.5322733521461487, 0.5322023630142212, 0.5317226052284241], [0.5307784080505371, 0.5343949198722839, 0.5329116582870483, 0.5341852307319641, 0.5316417813301086], [0.5315206050872803, 0.5379925966262817, 0.5353046655654907, 0.5383750796318054, 0.5321217775344849], [0.5275165438652039, 0.5370357036590576, 0.5337369441986084, 0.5382955074310303, 0.5288078188896179], [0.524543821811676, 0.5367244482040405, 0.5318178534507751, 0.5389427542686462, 0.525262176990509], [0.5097651481628418, 0.5305191278457642, 0.5229403972625732, 0.5319662094116211, 0.511756181716919], [0.522645890712738, 0.5445584654808044, 0.5360534191131592, 0.5475002527236938, 0.5249868631362915], [0.4971756339073181, 0.531102180480957, 0.5194360017776489, 0.5348415374755859, 0.5016502141952515]]","[['UM0078', 'CU0036', 'MG0182', 'CU0077', 'TX0188'], ['UM0078', 'CU0036', 'MG0182', 'CU0077', 'TX0188'], ['UM0078', 'CU0036', 'MG0182', 'CU0077', 'TX0188'], ['UM0078', 'CU0036', 'MG0182', 'CU0077', 'TX0188'], ['UM0078', 'CU0036', 'MG0182', 'CU0077', 'TX0188'], ['UM0078', 'CU0036', 'MG0182', 'CU0077', 'TX0188'], ['UM0078', 'CU0036', 'MG0182', 'CU0077', 'TX0188'], ['UM0078', 'CU0036', 'MG0182', 'CU0077', 'TX0188'], ['UM0078', 'CU0036', 'MG0182', 'CU0077', 'TX0188'], ['UM0078', 'CU0036', 'MG0182', 'CU0077', 'TX0188']]","[[1.0, 0.0, 0.0, 0.0, 1.0], [1.0, 0.0, 0.0, 0.0, 1.0], [1.0, 0.0, 0.0, 0.0, 1.0], [1.0, 0.0, 0.0, 0.0, 1.0], [1.0, 0.0, 0.0, 0.0, 1.0], [1.0, 0.0, 0.0, 0.0, 1.0], [1.0, 0.0, 0.0, 0.0, 1.0], [1.0, 0.0, 0.0, 0.0, 1.0], [1.0, 0.0, 0.0, 0.0, 1.0], [1.0, 0.0, 0.0, 0.0, 1.0]]",0.6833333333333333,16,0.0005,5.0,CNNGRUClassifier,10,6,90,8
"[1, 2, 3, 4, 5, 6, 7, 8, 9, 10]","[0.6921044611930847, 0.6869679713249206, 0.6928929209709167, 0.6899534130096435, 0.6861102962493897, 0.6885164880752563, 0.6860322093963623, 0.685694477558136, 0.6869407796859741, 0.6834216642379761]","[np.float64(0.53), np.float64(0.55), np.float64(0.5), np.float64(0.52), np.float64(0.54), np.float64(0.53), np.float64(0.54), np.float64(0.51), np.float64(0.52), np.float64(0.54)]","[0.6845637583892618, 0.697986577181208, 0.6527777777777778, 0.6712328767123288, 0.684931506849315, 0.6758620689655173, 0.684931506849315, 0.6620689655172414, 0.6666666666666666, 0.6805555555555556]","[0.7012121677398682, 0.701220691204071, 0.7005359530448914, 0.701068639755249, 0.6993670463562012, 0.7004356384277344, 0.6952635645866394, 0.6955500841140747, 0.6985282301902771, 0.6925183534622192]","[0.4, 0.4, 0.4, 0.4, 0.4, 0.4, 0.4, 0.4, 0.4, 0.4]","[0.4, 0.4, 0.4, 0.4, 0.4, 0.4, 0.4, 0.4, 0.4, 0.4]","[1.0, 1.0, 1.0, 1.0, 1.0, 1.0, 1.0, 1.0, 1.0, 1.0]","[0.5714285714285714, 0.5714285714285714, 0.5714285714285714, 0.5714285714285714, 0.5714285714285714, 0.5714285714285714, 0.5714285714285714, 0.5714285714285714, 0.5714285714285714, 0.5714285714285714]","[1.0, 1.0, 1.0, 0.8333333333333334, 1.0, 0.8333333333333334, 0.8333333333333334, 0.8333333333333334, 0.8333333333333334, 0.8333333333333334]","[[0.5185787677764893, 0.5186970233917236, 0.5187575221061707, 0.5187540054321289, 0.5186428427696228], [0.5188612937927246, 0.51930832862854, 0.5193531513214111, 0.5193341374397278, 0.518859326839447], [0.5180743932723999, 0.5190523862838745, 0.5194033980369568, 0.519107460975647, 0.5180902481079102], [0.5194590091705322, 0.5210244059562683, 0.5212562680244446, 0.5203887820243835, 0.5189106464385986], [0.5195174217224121, 0.521425724029541, 0.523518979549408, 0.5218490958213806, 0.5177866220474243], [0.5198413133621216, 0.5228145122528076, 0.5237030386924744, 0.5203880667686462, 0.5174537301063538], [0.511706531047821, 0.5170612931251526, 0.5203306674957275, 0.5154078602790833, 0.5110650658607483], [0.5157549381256104, 0.5220069885253906, 0.5266433954238892, 0.5210079550743103, 0.5138341784477234], [0.5213799476623535, 0.5320264101028442, 0.5369356274604797, 0.5290020108222961, 0.5218398571014404], [0.5067428350448608, 0.5237869620323181, 0.5287421345710754, 0.5208006501197815, 0.5153530240058899]]","[['UM0102', 'TX0068', 'UM0060', 'UM0089', 'TX0173'], ['UM0102', 'TX0068', 'UM0060', 'UM0089', 'TX0173'], ['UM0102', 'TX0068', 'UM0060', 'UM0089', 'TX0173'], ['UM0102', 'TX0068', 'UM0060', 'UM0089', 'TX0173'], ['UM0102', 'TX0068', 'UM0060', 'UM0089', 'TX0173'], ['UM0102', 'TX0068', 'UM0060', 'UM0089', 'TX0173'], ['UM0102', 'TX0068', 'UM0060', 'UM0089', 'TX0173'], ['UM0102', 'TX0068', 'UM0060', 'UM0089', 'TX0173'], ['UM0102', 'TX0068', 'UM0060', 'UM0089', 'TX0173'], ['UM0102', 'TX0068', 'UM0060', 'UM0089', 'TX0173']]","[[0.0, 0.0, 1.0, 1.0, 0.0], [0.0, 0.0, 1.0, 1.0, 0.0], [0.0, 0.0, 1.0, 1.0, 0.0], [0.0, 0.0, 1.0, 1.0, 0.0], [0.0, 0.0, 1.0, 1.0, 0.0], [0.0, 0.0, 1.0, 1.0, 0.0], [0.0, 0.0, 1.0, 1.0, 0.0], [0.0, 0.0, 1.0, 1.0, 0.0], [0.0, 0.0, 1.0, 1.0, 0.0], [0.0, 0.0, 1.0, 1.0, 0.0]]",0.7328333333333333,16,0.0005,5.0,CNNGRUClassifier,10,6,90,9
"[1, 2, 3, 4, 5, 6, 7, 8, 9, 10]","[0.6892626905441284, 0.6892369937896728, 0.6866506576538086, 0.6898986101150513, 0.6869626498222351, 0.6896325588226319, 0.6875581789016724, 0.6807484340667724, 0.6822730398178101, 0.680551266670227]","[np.float64(0.53), np.float64(0.53), np.float64(0.53), np.float64(0.53), np.float64(0.53), np.float64(0.53), np.float64(0.53), np.float64(0.55), np.float64(0.58), np.float64(0.61)]","[0.6928104575163399, 0.6928104575163399, 0.6928104575163399, 0.6928104575163399, 0.6928104575163399, 0.6928104575163399, 0.6928104575163399, 0.7019867549668874, 0.7123287671232876, 0.7310344827586207]","[0.7049323916435242, 0.7036060094833374, 0.7041484713554382, 0.7064547538757324, 0.711759090423584, 0.7119898796081543, 0.7127071619033813, 0.7085570693016052, 0.7108224034309387, 0.7092797160148621]","[0.4, 0.4, 0.4, 0.4, 0.4, 0.4, 0.4, 0.4, 0.4, 0.4]","[0.4, 0.4, 0.4, 0.4, 0.4, 0.4, 0.4, 0.4, 0.4, 0.4]","[1.0, 1.0, 1.0, 1.0, 1.0, 1.0, 1.0, 1.0, 1.0, 1.0]","[0.5714285714285714, 0.5714285714285714, 0.5714285714285714, 0.5714285714285714, 0.5714285714285714, 0.5714285714285714, 0.5714285714285714, 0.5714285714285714, 0.5714285714285714, 0.5714285714285714]","[0.8333333333333334, 0.6666666666666667, 0.6666666666666667, 0.6666666666666667, 0.6666666666666667, 0.5, 0.5, 0.6666666666666667, 0.5, 0.5]","[[0.5276692509651184, 0.5281460881233215, 0.5279473662376404, 0.5265945792198181, 0.5269367694854736], [0.5261613130569458, 0.5268693566322327, 0.5273904204368591, 0.5242168307304382, 0.5242205858230591], [0.5281912088394165, 0.5302655100822449, 0.5320929288864136, 0.5250670313835144, 0.5247911214828491], [0.531538188457489, 0.5339387655258179, 0.537049412727356, 0.5286255478858948, 0.527908205986023], [0.5383711457252502, 0.5400221943855286, 0.5444278120994568, 0.5378590822219849, 0.5348321199417114], [0.5376532673835754, 0.5381211638450623, 0.5441243052482605, 0.5379623174667358, 0.533311128616333], [0.5388047695159912, 0.5397853255271912, 0.5476776957511902, 0.5388535261154175, 0.5328712463378906], [0.531893253326416, 0.5324117541313171, 0.5436773300170898, 0.529603123664856, 0.5240301489830017], [0.536092221736908, 0.5410083532333374, 0.5495753884315491, 0.5361316800117493, 0.5279276371002197], [0.5300218462944031, 0.5360327959060669, 0.5493236780166626, 0.5301069021224976, 0.5208520293235779]]","[['TX0060', 'CU0117', 'CU0081', 'TX0092', 'TX0020'], ['TX0060', 'CU0117', 'CU0081', 'TX0092', 'TX0020'], ['TX0060', 'CU0117', 'CU0081', 'TX0092', 'TX0020'], ['TX0060', 'CU0117', 'CU0081', 'TX0092', 'TX0020'], ['TX0060', 'CU0117', 'CU0081', 'TX0092', 'TX0020'], ['TX0060', 'CU0117', 'CU0081', 'TX0092', 'TX0020'], ['TX0060', 'CU0117', 'CU0081', 'TX0092', 'TX0020'], ['TX0060', 'CU0117', 'CU0081', 'TX0092', 'TX0020'], ['TX0060', 'CU0117', 'CU0081', 'TX0092', 'TX0020'], ['TX0060', 'CU0117', 'CU0081', 'TX0092', 'TX0020']]","[[1.0, 1.0, 0.0, 0.0, 0.0], [1.0, 1.0, 0.0, 0.0, 0.0], [1.0, 1.0, 0.0, 0.0, 0.0], [1.0, 1.0, 0.0, 0.0, 0.0], [1.0, 1.0, 0.0, 0.0, 0.0], [1.0, 1.0, 0.0, 0.0, 0.0], [1.0, 1.0, 0.0, 0.0, 0.0], [1.0, 1.0, 0.0, 0.0, 0.0], [1.0, 1.0, 0.0, 0.0, 0.0], [1.0, 1.0, 0.0, 0.0, 0.0]]",0.753,16,0.0005,5.0,CNNGRUClassifier,10,6,90,10
"[1, 2, 3, 4, 5, 6, 7, 8, 9, 10]","[0.696133828163147, 0.6933122658729554, 0.6956027603149414, 0.6929619145393372, 0.6913069963455201, 0.6883981394767761, 0.6886979627609253, 0.6855724024772644, 0.6852289342880249, 0.6831899499893188]","[np.float64(0.47), np.float64(0.5), np.float64(0.47), np.float64(0.47), np.float64(0.55), np.float64(0.61), np.float64(0.57), np.float64(0.6), np.float64(0.64), np.float64(0.61)]","[0.03636363636363636, 0.10714285714285714, 0.13114754098360656, 0.208955223880597, 0.4, 0.5714285714285714, 0.6260869565217392, 0.6551724137931034, 0.7272727272727273, 0.7153284671532847]","[0.6951250433921814, 0.6962079405784607, 0.6950671076774597, 0.6926574110984802, 0.6910662651062012, 0.6887537837028503, 0.6871013045310974, 0.6863823533058167, 0.6844432950019836, 0.682456910610199]","[0.4, 0.4, 0.4, 0.6, 0.6, 0.8, 0.6, 0.8, 0.6, 0.6]","[0.0, 0.0, 0.0, 1.0, 0.6666666666666666, 0.75, 0.6666666666666666, 0.75, 0.6, 0.6]","[0.0, 0.0, 0.0, 0.3333333333333333, 0.6666666666666666, 1.0, 0.6666666666666666, 1.0, 1.0, 1.0]","[0.0, 0.0, 0.0, 0.5, 0.6666666666666666, 0.8571428571428571, 0.6666666666666666, 0.8571428571428571, 0.75, 0.75]","[0.5, 0.6666666666666666, 0.6666666666666666, 0.6666666666666666, 0.6666666666666666, 0.8333333333333333, 0.8333333333333333, 0.8333333333333333, 0.5, 0.3333333333333333]","[[0.4951687455177307, 0.49515196681022644, 0.4950285851955414, 0.4949876368045807, 0.4952327013015747], [0.49203163385391235, 0.492474228143692, 0.49232491850852966, 0.49223363399505615, 0.4922960102558136], [0.49451568722724915, 0.49512770771980286, 0.4946742653846741, 0.4943059980869293, 0.4950951933860779], [0.4980590343475342, 0.5013592839241028, 0.49929872155189514, 0.4990220069885254, 0.4982110857963562], [0.4973176419734955, 0.5050061345100403, 0.5004389882087708, 0.5001514554023743, 0.49783846735954285], [0.499865859746933, 0.5094496011734009, 0.5025067925453186, 0.502626895904541, 0.5013830661773682], [0.49837687611579895, 0.513921320438385, 0.5018228888511658, 0.5025999546051025, 0.4989973306655884], [0.49978622794151306, 0.5163140892982483, 0.5018984079360962, 0.5025450587272644, 0.5000081658363342], [0.5050575733184814, 0.5263675451278687, 0.5085777044296265, 0.5056921243667603, 0.5041566491127014], [0.5077094435691833, 0.5334048271179199, 0.5067875385284424, 0.5056437849998474, 0.5033923387527466]]","[['MG0269', 'CU0103', 'TX0112', 'TX0093', 'MG0222'], ['MG0269', 'CU0103', 'TX0112', 'TX0093', 'MG0222'], ['MG0269', 'CU0103', 'TX0112', 'TX0093', 'MG0222'], ['MG0269', 'CU0103', 'TX0112', 'TX0093', 'MG0222'], ['MG0269', 'CU0103', 'TX0112', 'TX0093', 'MG0222'], ['MG0269', 'CU0103', 'TX0112', 'TX0093', 'MG0222'], ['MG0269', 'CU0103', 'TX0112', 'TX0093', 'MG0222'], ['MG0269', 'CU0103', 'TX0112', 'TX0093', 'MG0222'], ['MG0269', 'CU0103', 'TX0112', 'TX0093', 'MG0222'], ['MG0269', 'CU0103', 'TX0112', 'TX0093', 'MG0222']]","[[0.0, 1.0, 0.0, 1.0, 1.0], [0.0, 1.0, 0.0, 1.0, 1.0], [0.0, 1.0, 0.0, 1.0, 1.0], [0.0, 1.0, 0.0, 1.0, 1.0], [0.0, 1.0, 0.0, 1.0, 1.0], [0.0, 1.0, 0.0, 1.0, 1.0], [0.0, 1.0, 0.0, 1.0, 1.0], [0.0, 1.0, 0.0, 1.0, 1.0], [0.0, 1.0, 0.0, 1.0, 1.0], [0.0, 1.0, 0.0, 1.0, 1.0]]",0.6585000000000001,16,0.0005,5.0,CNNGRUClassifier,10,6,90,11
"[1, 2, 3, 4, 5, 6, 7, 8, 9, 10]","[0.7007118511199951, 0.6995140647888184, 0.6957007479667664, 0.6935447645187378, 0.6915050482749939, 0.6825196003913879, 0.6819295430183411, 0.6747010612487793, 0.6787111330032348, 0.6721679091453552]","[np.float64(0.48), np.float64(0.48), np.float64(0.49), np.float64(0.46), np.float64(0.5), np.float64(0.68), np.float64(0.62), np.float64(0.71), np.float64(0.65), np.float64(0.71)]","[0.0, 0.0, 0.03773584905660377, 0.03571428571428571, 0.2647058823529412, 0.673469387755102, 0.6984126984126984, 0.7603305785123967, 0.6846846846846847, 0.7339449541284404]","[0.721401035785675, 0.7162226438522339, 0.7082099318504333, 0.698428750038147, 0.6870288252830505, 0.6767969131469727, 0.6701356172561646, 0.6641611456871033, 0.6636853814125061, 0.6548334360122681]","[0.4, 0.4, 0.4, 0.4, 0.6, 0.8, 0.6, 1.0, 1.0, 0.8]","[0.0, 0.0, 0.0, 0.0, 1.0, 0.75, 0.6, 1.0, 1.0, 0.75]","[0.0, 0.0, 0.0, 0.0, 0.3333333333333333, 1.0, 1.0, 1.0, 1.0, 1.0]","[0.0, 0.0, 0.0, 0.0, 0.5, 0.8571428571428571, 0.75, 1.0, 1.0, 0.8571428571428571]","[1.0, 1.0, 1.0, 1.0, 1.0, 1.0, 1.0, 1.0, 1.0, 1.0]","[[0.44472190737724304, 0.4442293345928192, 0.44447794556617737, 0.4443536698818207, 0.4444928765296936], [0.4525107443332672, 0.45146217942237854, 0.4525325298309326, 0.4516383111476898, 0.4520537555217743], [0.46478813886642456, 0.4618460237979889, 0.4647168815135956, 0.46275776624679565, 0.46411070227622986], [0.4810181260108948, 0.4739125072956085, 0.4785703420639038, 0.4741852879524231, 0.4779510200023651], [0.5042606592178345, 0.4904114305973053, 0.4959079921245575, 0.49206534028053284, 0.4977969825267792], [0.5247440934181213, 0.4994388520717621, 0.5089177489280701, 0.5021303296089172, 0.5095492601394653], [0.5368671417236328, 0.5028889775276184, 0.5164520144462585, 0.5064047574996948, 0.5153449773788452], [0.5427786707878113, 0.49586379528045654, 0.5145668387413025, 0.4994950592517853, 0.5125918388366699], [0.5466164350509644, 0.4923662841320038, 0.5069902539253235, 0.49517950415611267, 0.5098657608032227], [0.5670620799064636, 0.4966621696949005, 0.5123915672302246, 0.5013015270233154, 0.5189399719238281]]","[['UM0073', 'TX0133', 'MG0101', 'CU0025', 'TX0050'], ['UM0073', 'TX0133', 'MG0101', 'CU0025', 'TX0050'], ['UM0073', 'TX0133', 'MG0101', 'CU0025', 'TX0050'], ['UM0073', 'TX0133', 'MG0101', 'CU0025', 'TX0050'], ['UM0073', 'TX0133', 'MG0101', 'CU0025', 'TX0050'], ['UM0073', 'TX0133', 'MG0101', 'CU0025', 'TX0050'], ['UM0073', 'TX0133', 'MG0101', 'CU0025', 'TX0050'], ['UM0073', 'TX0133', 'MG0101', 'CU0025', 'TX0050'], ['UM0073', 'TX0133', 'MG0101', 'CU0025', 'TX0050'], ['UM0073', 'TX0133', 'MG0101', 'CU0025', 'TX0050']]","[[1.0, 0.0, 1.0, 0.0, 1.0], [1.0, 0.0, 1.0, 0.0, 1.0], [1.0, 0.0, 1.0, 0.0, 1.0], [1.0, 0.0, 1.0, 0.0, 1.0], [1.0, 0.0, 1.0, 0.0, 1.0], [1.0, 0.0, 1.0, 0.0, 1.0], [1.0, 0.0, 1.0, 0.0, 1.0], [1.0, 0.0, 1.0, 0.0, 1.0], [1.0, 0.0, 1.0, 0.0, 1.0], [1.0, 0.0, 1.0, 0.0, 1.0]]",0.7300000000000001,16,0.0005,5.0,CNNGRUClassifier,10,6,90,12
"[1, 2, 3, 4, 5, 6, 7, 8, 9, 10]","[0.7043703556060791, 0.699600121974945, 0.6957695722579956, 0.6960600209236145, 0.6893782687187194, 0.6899415707588196, 0.6858684086799621, 0.6836328268051147, 0.681807107925415, 0.677057147026062]","[np.float64(0.48), np.float64(0.48), np.float64(0.48), np.float64(0.45), np.float64(0.63), np.float64(0.56), np.float64(0.59), np.float64(0.6), np.float64(0.6), np.float64(0.59)]","[0.0, 0.0, 0.07142857142857142, 0.15384615384615385, 0.5842696629213483, 0.5849056603773585, 0.7007299270072993, 0.7058823529411765, 0.696969696969697, 0.6870229007633588]","[0.7206491827964783, 0.7151793837547302, 0.7062985301017761, 0.6975067853927612, 0.6923736929893494, 0.6843786835670471, 0.6784180998802185, 0.6776103973388672, 0.6765477061271667, 0.6715482473373413]","[0.4, 0.4, 0.4, 0.4, 0.4, 0.8, 0.8, 0.6, 0.6, 0.6]","[0.0, 0.0, 0.0, 0.0, 0.0, 0.75, 0.75, 0.6, 0.6, 0.6]","[0.0, 0.0, 0.0, 0.0, 0.0, 1.0, 1.0, 1.0, 1.0, 1.0]","[0.0, 0.0, 0.0, 0.0, 0.0, 0.8571428571428571, 0.8571428571428571, 0.75, 0.75, 0.75]","[0.8333333333333333, 1.0, 1.0, 0.8333333333333333, 0.8333333333333333, 0.8333333333333333, 0.8333333333333333, 1.0, 0.8333333333333333, 0.6666666666666666]","[[0.4459012448787689, 0.4457795023918152, 0.44557008147239685, 0.4456130266189575, 0.4453199803829193], [0.4539271295070648, 0.4537339210510254, 0.45291993021965027, 0.4526998698711395, 0.4517567455768585], [0.4683225750923157, 0.46779054403305054, 0.46556878089904785, 0.46521344780921936, 0.46354740858078003], [0.4831240773200989, 0.48342961072921753, 0.4778881072998047, 0.47803425788879395, 0.47516465187072754], [0.49158719182014465, 0.4925954043865204, 0.48294389247894287, 0.4836365878582001, 0.4804988205432892], [0.5100964903831482, 0.5111916065216064, 0.5002994537353516, 0.5006147623062134, 0.49882569909095764], [0.5166964530944824, 0.5212767124176025, 0.5027698278427124, 0.5064717531204224, 0.49667462706565857], [0.5204020142555237, 0.5217567682266235, 0.5030889511108398, 0.5030010938644409, 0.5025144815444946], [0.5232949256896973, 0.5234161019325256, 0.5024175047874451, 0.5020795464515686, 0.5044620037078857], [0.5296676754951477, 0.5396547317504883, 0.5023291110992432, 0.5114609599113464, 0.503699779510498]]","[['CU0104', 'CU0121', 'TX0100', 'CU0056', 'TX0078'], ['CU0104', 'CU0121', 'TX0100', 'CU0056', 'TX0078'], ['CU0104', 'CU0121', 'TX0100', 'CU0056', 'TX0078'], ['CU0104', 'CU0121', 'TX0100', 'CU0056', 'TX0078'], ['CU0104', 'CU0121', 'TX0100', 'CU0056', 'TX0078'], ['CU0104', 'CU0121', 'TX0100', 'CU0056', 'TX0078'], ['CU0104', 'CU0121', 'TX0100', 'CU0056', 'TX0078'], ['CU0104', 'CU0121', 'TX0100', 'CU0056', 'TX0078'], ['CU0104', 'CU0121', 'TX0100', 'CU0056', 'TX0078'], ['CU0104', 'CU0121', 'TX0100', 'CU0056', 'TX0078']]","[[1.0, 1.0, 1.0, 0.0, 0.0], [1.0, 1.0, 1.0, 0.0, 0.0], [1.0, 1.0, 1.0, 0.0, 0.0], [1.0, 1.0, 1.0, 0.0, 0.0], [1.0, 1.0, 1.0, 0.0, 0.0], [1.0, 1.0, 1.0, 0.0, 0.0], [1.0, 1.0, 1.0, 0.0, 0.0], [1.0, 1.0, 1.0, 0.0, 0.0], [1.0, 1.0, 1.0, 0.0, 0.0], [1.0, 1.0, 1.0, 0.0, 0.0]]",0.7186666666666668,16,0.0005,5.0,CNNGRUClassifier,10,6,90,13
"[1, 2, 3, 4, 5, 6, 7, 8, 9, 10]","[0.7054600667953491, 0.6975308513641357, 0.6855937004089355, 0.6840990018844605, 0.6890190410614013, 0.6783709979057312, 0.6751892256736756, 0.6730638599395752, 0.6664909505844117, 0.6627251982688904]","[np.float64(0.52), np.float64(0.52), np.float64(0.52), np.float64(0.52), np.float64(0.52), np.float64(0.56), np.float64(0.6), np.float64(0.67), np.float64(0.73), np.float64(0.72)]","[0.6842105263157895, 0.6842105263157895, 0.6842105263157895, 0.6842105263157895, 0.6842105263157895, 0.7027027027027027, 0.7142857142857143, 0.7401574803149606, 0.7692307692307693, 0.7407407407407407]","[0.6734941005706787, 0.6752278804779053, 0.6778237223625183, 0.6804935932159424, 0.6833330988883972, 0.6908333897590637, 0.6978083252906799, 0.706119954586029, 0.7105736136436462, 0.7119364142417908]","[0.6, 0.6, 0.6, 0.6, 0.6, 0.6, 0.4, 0.4, 0.4, 0.4]","[0.6, 0.6, 0.6, 0.6, 0.6, 0.6, 0.5, 0.5, 0.5, 0.5]","[1.0, 1.0, 1.0, 1.0, 1.0, 1.0, 0.6666666666666666, 0.6666666666666666, 0.6666666666666666, 0.6666666666666666]","[0.75, 0.75, 0.75, 0.75, 0.75, 0.75, 0.5714285714285714, 0.5714285714285714, 0.5714285714285714, 0.5714285714285714]","[0.3333333333333333, 0.16666666666666666, 0.16666666666666666, 0.3333333333333333, 0.3333333333333333, 0.5, 0.3333333333333333, 0.5, 0.5, 0.6666666666666666]","[[0.5863664150238037, 0.5865083336830139, 0.5863625407218933, 0.5859641432762146, 0.586334228515625], [0.572511613368988, 0.5724629163742065, 0.5719068050384521, 0.570788562297821, 0.5715786814689636], [0.5628653764724731, 0.5628401041030884, 0.5620574951171875, 0.5581246018409729, 0.561016857624054], [0.5577101111412048, 0.5583574175834656, 0.555774986743927, 0.5472584962844849, 0.5545135736465454], [0.5534888505935669, 0.5566288828849792, 0.5510152578353882, 0.5342133045196533, 0.5505751967430115], [0.540486752986908, 0.5426629781723022, 0.5373983979225159, 0.5085157155990601, 0.5389329195022583], [0.5259800553321838, 0.5375152230262756, 0.5229332447052002, 0.4828738272190094, 0.5201495885848999], [0.5204947590827942, 0.5282661318778992, 0.5120329856872559, 0.4592535197734833, 0.5159302949905396], [0.5261664390563965, 0.5348803400993347, 0.521343469619751, 0.45070597529411316, 0.5238528847694397], [0.5151011347770691, 0.530972421169281, 0.5206549763679504, 0.43812090158462524, 0.5261196494102478]]","[['MG0135', 'CU0095', 'UM0047', 'TX0039', 'UM0090'], ['MG0135', 'CU0095', 'UM0047', 'TX0039', 'UM0090'], ['MG0135', 'CU0095', 'UM0047', 'TX0039', 'UM0090'], ['MG0135', 'CU0095', 'UM0047', 'TX0039', 'UM0090'], ['MG0135', 'CU0095', 'UM0047', 'TX0039', 'UM0090'], ['MG0135', 'CU0095', 'UM0047', 'TX0039', 'UM0090'], ['MG0135', 'CU0095', 'UM0047', 'TX0039', 'UM0090'], ['MG0135', 'CU0095', 'UM0047', 'TX0039', 'UM0090'], ['MG0135', 'CU0095', 'UM0047', 'TX0039', 'UM0090'], ['MG0135', 'CU0095', 'UM0047', 'TX0039', 'UM0090']]","[[0.0, 1.0, 0.0, 1.0, 1.0], [0.0, 1.0, 0.0, 1.0, 1.0], [0.0, 1.0, 0.0, 1.0, 1.0], [0.0, 1.0, 0.0, 1.0, 1.0], [0.0, 1.0, 0.0, 1.0, 1.0], [0.0, 1.0, 0.0, 1.0, 1.0], [0.0, 1.0, 0.0, 1.0, 1.0], [0.0, 1.0, 0.0, 1.0, 1.0], [0.0, 1.0, 0.0, 1.0, 1.0], [0.0, 1.0, 0.0, 1.0, 1.0]]",0.6003333333333333,16,0.0005,5.0,CNNGRUClassifier,10,6,90,14
"[1, 2, 3, 4, 5, 6, 7, 8, 9, 10]","[0.6981456327438355, 0.6950939822196961, 0.6959170055389404, 0.693179702758789, 0.6843021488189698, 0.6841440486907959, 0.6863431358337402, 0.6726358604431152, 0.6754647254943847, 0.6666273403167725]","[np.float64(0.52), np.float64(0.51), np.float64(0.52), np.float64(0.5), np.float64(0.56), np.float64(0.61), np.float64(0.61), np.float64(0.63), np.float64(0.67), np.float64(0.69)]","[0.6842105263157895, 0.6754966887417219, 0.6712328767123288, 0.6527777777777778, 0.7027027027027027, 0.7153284671532847, 0.6929133858267716, 0.704, 0.7272727272727273, 0.7350427350427351]","[0.6884880661964417, 0.6873502731323242, 0.6847729682922363, 0.685478925704956, 0.6865578293800354, 0.6860516667366028, 0.6958443522453308, 0.6888248324394226, 0.6886118650436401, 0.674832284450531]","[0.6, 0.6, 0.6, 0.6, 0.6, 0.6, 0.4, 0.4, 0.6, 0.6]","[0.6, 0.6, 0.6, 0.6, 0.6, 0.6, 0.0, 0.5, 1.0, 0.6]","[1.0, 1.0, 1.0, 1.0, 1.0, 1.0, 0.0, 0.3333333333333333, 0.3333333333333333, 1.0]","[0.75, 0.75, 0.75, 0.75, 0.75, 0.75, 0.0, 0.4, 0.5, 0.75]","[0.6666666666666666, 0.6666666666666666, 0.6666666666666666, 0.6666666666666666, 0.6666666666666666, 0.3333333333333333, 0.5, 0.6666666666666666, 0.6666666666666666, 0.6666666666666666]","[[0.5114746689796448, 0.5116056203842163, 0.5113508701324463, 0.5117403864860535, 0.5106678009033203], [0.512675404548645, 0.512938916683197, 0.5126249194145203, 0.5139049887657166, 0.5109769105911255], [0.5180425643920898, 0.5185537934303284, 0.5175700783729553, 0.5210241675376892, 0.5154995918273926], [0.5144805908203125, 0.514694094657898, 0.5141320824623108, 0.517985999584198, 0.5116578340530396], [0.5095335841178894, 0.510861337184906, 0.5095164775848389, 0.5158956050872803, 0.507014811038971], [0.5165002346038818, 0.5195409059524536, 0.5136131048202515, 0.5254972577095032, 0.51658034324646], [0.48916274309158325, 0.4935993254184723, 0.48953789472579956, 0.49798452854156494, 0.4894440472126007], [0.4964304268360138, 0.5007272958755493, 0.49797889590263367, 0.5092859864234924, 0.49199631810188293], [0.4894979000091553, 0.4941885769367218, 0.49051976203918457, 0.5059807300567627, 0.4798021912574768], [0.5225577354431152, 0.5350629091262817, 0.5260031819343567, 0.5515339374542236, 0.5141173601150513]]","[['MG0257', 'CU0072', 'MG0126', 'CU0106', 'UM0034'], ['MG0257', 'CU0072', 'MG0126', 'CU0106', 'UM0034'], ['MG0257', 'CU0072', 'MG0126', 'CU0106', 'UM0034'], ['MG0257', 'CU0072', 'MG0126', 'CU0106', 'UM0034'], ['MG0257', 'CU0072', 'MG0126', 'CU0106', 'UM0034'], ['MG0257', 'CU0072', 'MG0126', 'CU0106', 'UM0034'], ['MG0257', 'CU0072', 'MG0126', 'CU0106', 'UM0034'], ['MG0257', 'CU0072', 'MG0126', 'CU0106', 'UM0034'], ['MG0257', 'CU0072', 'MG0126', 'CU0106', 'UM0034'], ['MG0257', 'CU0072', 'MG0126', 'CU0106', 'UM0034']]","[[1.0, 0.0, 1.0, 1.0, 0.0], [1.0, 0.0, 1.0, 1.0, 0.0], [1.0, 0.0, 1.0, 1.0, 0.0], [1.0, 0.0, 1.0, 1.0, 0.0], [1.0, 0.0, 1.0, 1.0, 0.0], [1.0, 0.0, 1.0, 1.0, 0.0], [1.0, 0.0, 1.0, 1.0, 0.0], [1.0, 0.0, 1.0, 1.0, 0.0], [1.0, 0.0, 1.0, 1.0, 0.0], [1.0, 0.0, 1.0, 1.0, 0.0]]",0.6243333333333333,16,0.0005,5.0,CNNGRUClassifier,10,6,90,15
"[1, 2, 3, 4, 5, 6, 7, 8, 9, 10]","[0.6928434848785401, 0.6952143621444702, 0.6944569993019104, 0.6887803387641906, 0.6920126342773437, 0.6851764249801636, 0.6852628064155578, 0.6800257873535156, 0.6834029912948608, 0.6762120342254638]","[np.float64(0.52), np.float64(0.49), np.float64(0.52), np.float64(0.56), np.float64(0.49), np.float64(0.62), np.float64(0.58), np.float64(0.63), np.float64(0.59), np.float64(0.64)]","[0.4, 0.5565217391304348, 0.6363636363636364, 0.6451612903225806, 0.6165413533834586, 0.7076923076923077, 0.6818181818181818, 0.7131782945736435, 0.6870229007633588, 0.7313432835820896]","[0.6935200691223145, 0.6905578970909119, 0.6896238327026367, 0.6939471960067749, 0.695788562297821, 0.6994423866271973, 0.698415219783783, 0.6982467770576477, 0.6966832280158997, 0.697268009185791]","[0.4, 0.6, 0.6, 0.6, 0.6, 0.6, 0.6, 0.6, 0.6, 0.6]","[0.0, 0.6, 0.6, 0.6, 0.6, 0.6, 0.6, 0.6, 0.6, 0.6]","[0.0, 1.0, 1.0, 1.0, 1.0, 1.0, 1.0, 1.0, 1.0, 1.0]","[0.0, 0.75, 0.75, 0.75, 0.75, 0.75, 0.75, 0.75, 0.75, 0.75]","[0.6666666666666666, 0.8333333333333333, 0.3333333333333333, 0.0, 0.0, 0.0, 0.0, 0.0, 0.0, 0.0]","[[0.4989234209060669, 0.49880552291870117, 0.4990391135215759, 0.4989093542098999, 0.4989926815032959], [0.5057742595672607, 0.5051245093345642, 0.5060315132141113, 0.5055450797080994, 0.5055952072143555], [0.5100169777870178, 0.5100778341293335, 0.5100748538970947, 0.5091410279273987, 0.5098633766174316], [0.5079292058944702, 0.5106825828552246, 0.5054875612258911, 0.5061454176902771, 0.5105219483375549], [0.5117467641830444, 0.5188497304916382, 0.5087313652038574, 0.5081194043159485, 0.515466034412384], [0.507692277431488, 0.515339732170105, 0.5026363134384155, 0.5011904835700989, 0.5114763379096985], [0.5159577131271362, 0.5256221890449524, 0.5091186761856079, 0.5073895454406738, 0.5185939073562622], [0.5199664831161499, 0.5279490351676941, 0.5095314383506775, 0.5090013742446899, 0.5214554667472839], [0.5249356627464294, 0.5320795178413391, 0.5141987800598145, 0.5117411017417908, 0.5249797701835632], [0.5328424572944641, 0.5451757907867432, 0.5238770246505737, 0.5236740708351135, 0.5395645499229431]]","[['CU0115', 'MG0172', 'CU0016', 'MG0152', 'TX0169'], ['CU0115', 'MG0172', 'CU0016', 'MG0152', 'TX0169'], ['CU0115', 'MG0172', 'CU0016', 'MG0152', 'TX0169'], ['CU0115', 'MG0172', 'CU0016', 'MG0152', 'TX0169'], ['CU0115', 'MG0172', 'CU0016', 'MG0152', 'TX0169'], ['CU0115', 'MG0172', 'CU0016', 'MG0152', 'TX0169'], ['CU0115', 'MG0172', 'CU0016', 'MG0152', 'TX0169'], ['CU0115', 'MG0172', 'CU0016', 'MG0152', 'TX0169'], ['CU0115', 'MG0172', 'CU0016', 'MG0152', 'TX0169'], ['CU0115', 'MG0172', 'CU0016', 'MG0152', 'TX0169']]","[[1.0, 0.0, 1.0, 1.0, 0.0], [1.0, 0.0, 1.0, 1.0, 0.0], [1.0, 0.0, 1.0, 1.0, 0.0], [1.0, 0.0, 1.0, 1.0, 0.0], [1.0, 0.0, 1.0, 1.0, 0.0], [1.0, 0.0, 1.0, 1.0, 0.0], [1.0, 0.0, 1.0, 1.0, 0.0], [1.0, 0.0, 1.0, 1.0, 0.0], [1.0, 0.0, 1.0, 1.0, 0.0], [1.0, 0.0, 1.0, 1.0, 0.0]]",0.6808333333333333,16,0.0005,5.0,CNNGRUClassifier,10,6,90,16
"[1, 2, 3, 4, 5, 6, 7, 8, 9, 10]","[0.6959809255599976, 0.6899193263053894, 0.6906228351593018, 0.6848145771026611, 0.6879159021377563, 0.6852364826202393, 0.6837105345726013, 0.6762974619865417, 0.6779088282585144, 0.6759148216247559]","[np.float64(0.47), np.float64(0.49), np.float64(0.5), np.float64(0.66), np.float64(0.53), np.float64(0.63), np.float64(0.63), np.float64(0.7), np.float64(0.65), np.float64(0.62)]","[0.03636363636363636, 0.2608695652173913, 0.358974358974359, 0.6458333333333334, 0.5765765765765766, 0.6666666666666666, 0.704, 0.7619047619047619, 0.7244094488188977, 0.703125]","[0.6892865896224976, 0.6888567805290222, 0.6881957054138184, 0.6891673803329468, 0.689518928527832, 0.6878934502601624, 0.6869158148765564, 0.6881310939788818, 0.6895502209663391, 0.6881527304649353]","[0.6, 0.6, 0.6, 0.6, 0.6, 0.6, 0.6, 0.6, 0.6, 0.6]","[0.6, 0.6, 0.6, 0.6, 0.6, 0.6, 0.6, 0.6, 0.6, 0.6]","[1.0, 1.0, 1.0, 1.0, 1.0, 1.0, 1.0, 1.0, 1.0, 1.0]","[0.75, 0.75, 0.75, 0.75, 0.75, 0.75, 0.75, 0.75, 0.75, 0.75]","[0.5, 0.0, 0.0, 0.16666666666666666, 0.5, 0.5, 0.3333333333333333, 0.3333333333333333, 0.16666666666666666, 0.3333333333333333]","[[0.510151207447052, 0.5102400183677673, 0.5101924538612366, 0.5102105140686035, 0.5102381706237793], [0.5118736028671265, 0.5119795203208923, 0.5120992064476013, 0.5118162035942078, 0.5121282935142517], [0.514596700668335, 0.5151031613349915, 0.5152294039726257, 0.5146672129631042, 0.5156291127204895], [0.5132781863212585, 0.5145294666290283, 0.513974666595459, 0.5139448642730713, 0.5167703628540039], [0.5154317617416382, 0.5146529674530029, 0.5141392350196838, 0.5162225961685181, 0.5217068195343018], [0.5197126865386963, 0.5224674344062805, 0.5189982056617737, 0.5211187601089478, 0.5286403894424438], [0.5297400951385498, 0.5225645899772644, 0.5270137190818787, 0.5289191603660583, 0.5344775319099426], [0.5301247239112854, 0.526951014995575, 0.5285033583641052, 0.5332817435264587, 0.5437963604927063], [0.5279533863067627, 0.5389271974563599, 0.5368316769599915, 0.5327988862991333, 0.5468594431877136], [0.5390881299972534, 0.5358460545539856, 0.5373775959014893, 0.5397830009460449, 0.5558295845985413]]","[['CU0027', 'TX0187', 'TX0070', 'CU0021', 'CU0113'], ['CU0027', 'TX0187', 'TX0070', 'CU0021', 'CU0113'], ['CU0027', 'TX0187', 'TX0070', 'CU0021', 'CU0113'], ['CU0027', 'TX0187', 'TX0070', 'CU0021', 'CU0113'], ['CU0027', 'TX0187', 'TX0070', 'CU0021', 'CU0113'], ['CU0027', 'TX0187', 'TX0070', 'CU0021', 'CU0113'], ['CU0027', 'TX0187', 'TX0070', 'CU0021', 'CU0113'], ['CU0027', 'TX0187', 'TX0070', 'CU0021', 'CU0113'], ['CU0027', 'TX0187', 'TX0070', 'CU0021', 'CU0113'], ['CU0027', 'TX0187', 'TX0070', 'CU0021', 'CU0113']]","[[1.0, 1.0, 0.0, 1.0, 0.0], [1.0, 1.0, 0.0, 1.0, 0.0], [1.0, 1.0, 0.0, 1.0, 0.0], [1.0, 1.0, 0.0, 1.0, 0.0], [1.0, 1.0, 0.0, 1.0, 0.0], [1.0, 1.0, 0.0, 1.0, 0.0], [1.0, 1.0, 0.0, 1.0, 0.0], [1.0, 1.0, 0.0, 1.0, 0.0], [1.0, 1.0, 0.0, 1.0, 0.0], [1.0, 1.0, 0.0, 1.0, 0.0]]",0.6921666666666667,16,0.0005,5.0,CNNGRUClassifier,10,6,90,17
"[1, 2, 3, 4, 5, 6, 7, 8, 9, 10]","[0.6990902829170227, 0.6947649908065796, 0.6931178855895996, 0.6896353054046631, 0.6916181302070618, 0.6823586320877075, 0.6849255418777466, 0.6774040365219116, 0.6720812320709229, 0.6648682069778442]","[np.float64(0.48), np.float64(0.48), np.float64(0.5), np.float64(0.52), np.float64(0.49), np.float64(0.58), np.float64(0.59), np.float64(0.67), np.float64(0.73), np.float64(0.76)]","[0.0, 0.0, 0.10714285714285714, 0.14285714285714285, 0.19047619047619047, 0.34375, 0.4383561643835616, 0.6373626373626373, 0.6823529411764706, 0.7692307692307693]","[0.7122914791107178, 0.711607038974762, 0.7111649513244629, 0.7029709219932556, 0.7002217173576355, 0.6891148686408997, 0.6837480664253235, 0.6843975186347961, 0.6891855597496033, 0.6769883036613464]","[0.4, 0.4, 0.4, 0.4, 0.4, 0.6, 0.8, 0.6, 0.4, 0.8]","[0.0, 0.0, 0.0, 0.0, 0.0, 0.6666666666666666, 1.0, 1.0, 0.0, 1.0]","[0.0, 0.0, 0.0, 0.0, 0.0, 0.6666666666666666, 0.6666666666666666, 0.3333333333333333, 0.0, 0.6666666666666666]","[0.0, 0.0, 0.0, 0.0, 0.0, 0.6666666666666666, 0.8, 0.5, 0.0, 0.8]","[0.8333333333333333, 0.5, 1.0, 0.8333333333333333, 0.8333333333333333, 0.8333333333333333, 0.8333333333333333, 0.8333333333333333, 0.8333333333333333, 0.8333333333333333]","[[0.4599604606628418, 0.45999810099601746, 0.45989662408828735, 0.4596618413925171, 0.46001434326171875], [0.46165868639945984, 0.4614369571208954, 0.46129778027534485, 0.4608531594276428, 0.4612181484699249], [0.4603998064994812, 0.460986852645874, 0.4609922766685486, 0.45945239067077637, 0.4607194662094116], [0.4755440652370453, 0.47587400674819946, 0.47485455870628357, 0.4725027084350586, 0.47592249512672424], [0.47627007961273193, 0.47869083285331726, 0.4742930233478546, 0.4698060154914856, 0.4784580171108246], [0.5019083619117737, 0.5063668489456177, 0.49922075867652893, 0.4967323839664459, 0.5031993389129639], [0.4961406886577606, 0.5094099640846252, 0.49203798174858093, 0.4869064390659332, 0.5054614543914795], [0.48349156975746155, 0.5042749643325806, 0.4778997004032135, 0.47399166226387024, 0.4986267387866974], [0.4771554172039032, 0.4957578182220459, 0.4730806350708008, 0.47285234928131104, 0.4931090772151947], [0.4796695113182068, 0.5119423866271973, 0.4726267158985138, 0.4672870337963104, 0.5051574110984802]]","[['UM0025', 'CU0033', 'UM0048', 'TX0043', 'CU0084'], ['UM0025', 'CU0033', 'UM0048', 'TX0043', 'CU0084'], ['UM0025', 'CU0033', 'UM0048', 'TX0043', 'CU0084'], ['UM0025', 'CU0033', 'UM0048', 'TX0043', 'CU0084'], ['UM0025', 'CU0033', 'UM0048', 'TX0043', 'CU0084'], ['UM0025', 'CU0033', 'UM0048', 'TX0043', 'CU0084'], ['UM0025', 'CU0033', 'UM0048', 'TX0043', 'CU0084'], ['UM0025', 'CU0033', 'UM0048', 'TX0043', 'CU0084'], ['UM0025', 'CU0033', 'UM0048', 'TX0043', 'CU0084'], ['UM0025', 'CU0033', 'UM0048', 'TX0043', 'CU0084']]","[[0.0, 1.0, 1.0, 0.0, 1.0], [0.0, 1.0, 1.0, 0.0, 1.0], [0.0, 1.0, 1.0, 0.0, 1.0], [0.0, 1.0, 1.0, 0.0, 1.0], [0.0, 1.0, 1.0, 0.0, 1.0], [0.0, 1.0, 1.0, 0.0, 1.0], [0.0, 1.0, 1.0, 0.0, 1.0], [0.0, 1.0, 1.0, 0.0, 1.0], [0.0, 1.0, 1.0, 0.0, 1.0], [0.0, 1.0, 1.0, 0.0, 1.0]]",0.7131666666666667,16,0.0005,5.0,CNNGRUClassifier,10,6,90,18
"[1, 2, 3, 4, 5, 6, 7, 8, 9, 10]","[0.6976410341262818, 0.6891652870178223, 0.6927134466171264, 0.6865284752845764, 0.6844829177856445, 0.686939787864685, 0.6805770778656006, 0.6780811262130737, 0.6789578151702881, 0.6769262790679932]","[np.float64(0.45), np.float64(0.56), np.float64(0.46), np.float64(0.63), np.float64(0.6), np.float64(0.59), np.float64(0.54), np.float64(0.67), np.float64(0.59), np.float64(0.58)]","[0.5669291338582677, 0.6764705882352942, 0.5909090909090909, 0.7131782945736435, 0.6875, 0.6870229007633588, 0.6515151515151515, 0.7518796992481203, 0.7050359712230215, 0.6956521739130435]","[0.6996160745620728, 0.6971117854118347, 0.6939741969108582, 0.6934781074523926, 0.692796528339386, 0.6910917162895203, 0.6909577250480652, 0.6871944665908813, 0.6858677268028259, 0.6832357048988342]","[0.4, 0.4, 0.4, 0.4, 0.4, 0.6, 0.6, 0.6, 0.6, 0.6]","[0.0, 0.0, 0.0, 0.5, 0.5, 0.6, 0.6, 0.6, 0.6, 0.6]","[0.0, 0.0, 0.0, 0.3333333333333333, 0.6666666666666666, 1.0, 1.0, 1.0, 1.0, 1.0]","[0.0, 0.0, 0.0, 0.4, 0.5714285714285714, 0.75, 0.75, 0.75, 0.75, 0.75]","[0.16666666666666666, 0.3333333333333333, 0.5, 0.5, 0.5, 0.3333333333333333, 0.3333333333333333, 0.5, 0.3333333333333333, 0.5]","[[0.4855055809020996, 0.48507070541381836, 0.4855256974697113, 0.4853515326976776, 0.485209584236145], [0.49219170212745667, 0.4904440641403198, 0.49198663234710693, 0.4908360540866852, 0.49066436290740967], [0.4994984567165375, 0.4978373348712921, 0.4995068907737732, 0.49740371108055115, 0.49752530455589294], [0.503088653087616, 0.4987727105617523, 0.5023764967918396, 0.4987635314464569, 0.49847182631492615], [0.5096115469932556, 0.5003080368041992, 0.5079388618469238, 0.5002791285514832, 0.4993305802345276], [0.5163808465003967, 0.505805492401123, 0.5149903297424316, 0.5058196783065796, 0.5043405294418335], [0.5215463638305664, 0.5053662657737732, 0.5185526013374329, 0.5067254900932312, 0.5047399401664734], [0.5307047367095947, 0.520886242389679, 0.5260362029075623, 0.5173793435096741, 0.5091307759284973], [0.5411853194236755, 0.5139500498771667, 0.5317332744598389, 0.5156674981117249, 0.5137519836425781], [0.5470574498176575, 0.5286356210708618, 0.5412045121192932, 0.5222989320755005, 0.5180931091308594]]","[['CU0022', 'TX0127', 'CU0051', 'TX0130', 'TX0172'], ['CU0022', 'TX0127', 'CU0051', 'TX0130', 'TX0172'], ['CU0022', 'TX0127', 'CU0051', 'TX0130', 'TX0172'], ['CU0022', 'TX0127', 'CU0051', 'TX0130', 'TX0172'], ['CU0022', 'TX0127', 'CU0051', 'TX0130', 'TX0172'], ['CU0022', 'TX0127', 'CU0051', 'TX0130', 'TX0172'], ['CU0022', 'TX0127', 'CU0051', 'TX0130', 'TX0172'], ['CU0022', 'TX0127', 'CU0051', 'TX0130', 'TX0172'], ['CU0022', 'TX0127', 'CU0051', 'TX0130', 'TX0172'], ['CU0022', 'TX0127', 'CU0051', 'TX0130', 'TX0172']]","[[1.0, 1.0, 0.0, 0.0, 1.0], [1.0, 1.0, 0.0, 0.0, 1.0], [1.0, 1.0, 0.0, 0.0, 1.0], [1.0, 1.0, 0.0, 0.0, 1.0], [1.0, 1.0, 0.0, 0.0, 1.0], [1.0, 1.0, 0.0, 0.0, 1.0], [1.0, 1.0, 0.0, 0.0, 1.0], [1.0, 1.0, 0.0, 0.0, 1.0], [1.0, 1.0, 0.0, 0.0, 1.0], [1.0, 1.0, 0.0, 0.0, 1.0]]",0.6696666666666667,16,0.0005,5.0,CNNGRUClassifier,10,6,90,19
"[1, 2, 3, 4, 5, 6, 7, 8, 9, 10]","[0.6927948713302612, 0.693628978729248, 0.6904353094100952, 0.6884840130805969, 0.6886115217208862, 0.6893644618988037, 0.6856835651397705, 0.6784415912628173, 0.6838694190979004, 0.6739257717132568]","[np.float64(0.49), np.float64(0.53), np.float64(0.55), np.float64(0.55), np.float64(0.54), np.float64(0.54), np.float64(0.56), np.float64(0.64), np.float64(0.65), np.float64(0.74)]","[0.49504950495049505, 0.5982905982905983, 0.6341463414634146, 0.6616541353383458, 0.6666666666666666, 0.676056338028169, 0.6901408450704225, 0.7230769230769231, 0.7368421052631579, 0.7796610169491526]","[0.6919710040092468, 0.6914133429527283, 0.6897003054618835, 0.686553418636322, 0.6834900975227356, 0.6796108484268188, 0.6771920323371887, 0.6721566915512085, 0.6741847395896912, 0.666670560836792]","[0.6, 0.6, 0.6, 0.6, 0.6, 0.6, 0.8, 0.8, 0.8, 1.0]","[0.6, 0.6, 0.6, 0.6, 0.6, 0.6, 0.75, 0.75, 0.75, 1.0]","[1.0, 1.0, 1.0, 1.0, 1.0, 1.0, 1.0, 1.0, 1.0, 1.0]","[0.75, 0.75, 0.75, 0.75, 0.75, 0.75, 0.8571428571428571, 0.8571428571428571, 0.8571428571428571, 1.0]","[1.0, 1.0, 1.0, 1.0, 1.0, 1.0, 1.0, 1.0, 1.0, 1.0]","[[0.501730740070343, 0.5020238161087036, 0.5023875832557678, 0.5018845796585083, 0.5021653771400452], [0.5013847351074219, 0.5023738145828247, 0.5028794407844543, 0.5016041398048401, 0.5020930171012878], [0.503591001033783, 0.5054271221160889, 0.5059208273887634, 0.5036796927452087, 0.5046520233154297], [0.5061500668525696, 0.5099861025810242, 0.5113683938980103, 0.5072507858276367, 0.508926510810852], [0.5059810280799866, 0.512403666973114, 0.5155101418495178, 0.5075589418411255, 0.5103554725646973], [0.5047299265861511, 0.5148471593856812, 0.5206009149551392, 0.5096114873886108, 0.5136629343032837], [0.49912261962890625, 0.5114268660545349, 0.5227633714675903, 0.507684051990509, 0.5133721232414246], [0.4950908124446869, 0.5151780843734741, 0.5268586874008179, 0.5053744912147522, 0.5120225548744202], [0.48663052916526794, 0.5046674013137817, 0.5247859358787537, 0.5042669177055359, 0.5097546577453613], [0.4814048111438751, 0.5029112100601196, 0.5299979448318481, 0.49999338388442993, 0.5161471962928772]]","[['TX0189', 'TX0142', 'CU0134', 'TX0079', 'CU0067'], ['TX0189', 'TX0142', 'CU0134', 'TX0079', 'CU0067'], ['TX0189', 'TX0142', 'CU0134', 'TX0079', 'CU0067'], ['TX0189', 'TX0142', 'CU0134', 'TX0079', 'CU0067'], ['TX0189', 'TX0142', 'CU0134', 'TX0079', 'CU0067'], ['TX0189', 'TX0142', 'CU0134', 'TX0079', 'CU0067'], ['TX0189', 'TX0142', 'CU0134', 'TX0079', 'CU0067'], ['TX0189', 'TX0142', 'CU0134', 'TX0079', 'CU0067'], ['TX0189', 'TX0142', 'CU0134', 'TX0079', 'CU0067'], ['TX0189', 'TX0142', 'CU0134', 'TX0079', 'CU0067']]","[[0.0, 1.0, 1.0, 0.0, 1.0], [0.0, 1.0, 1.0, 0.0, 1.0], [0.0, 1.0, 1.0, 0.0, 1.0], [0.0, 1.0, 1.0, 0.0, 1.0], [0.0, 1.0, 1.0, 0.0, 1.0], [0.0, 1.0, 1.0, 0.0, 1.0], [0.0, 1.0, 1.0, 0.0, 1.0], [0.0, 1.0, 1.0, 0.0, 1.0], [0.0, 1.0, 1.0, 0.0, 1.0], [0.0, 1.0, 1.0, 0.0, 1.0]]",0.6776666666666668,16,0.0005,5.0,CNNGRUClassifier,10,6,90,20
